{
  "0": {
    "x": 0.3539104461669922,
    "y": 1.1406224966049194,
    "qz": 0.0,
    "qw": 1.0,
    "theta": 0.0
  },
  "1": {
    "x": 1.9593600034713745,
    "y": 0.5850656628608704,
    "qz": 0.0,
    "qw": 1.0,
    "theta": 0.0
  },
  "2": {
    "x": 4.042478084564209,
    "y": 0.2851788103580475,
    "qz": 0.0,
    "qw": 1.0,
    "theta": 0.0
  },
  "3": {
    "x": 6.2367095947265625,
    "y": -0.10361040383577347,
    "qz": 0.0,
    "qw": 1.0,
    "theta": 0.0
  },
  "4": {
    "x": 4.581477642059326,
    "y": -0.692815363407135,
    "qz": 0.0,
    "qw": 1.0,
    "theta": 0.0
  },
  "5": {
    "x": 2.8372626304626465,
    "y": -0.7096501588821411,
    "qz": 0.0,
    "qw": 1.0,
    "theta": 0.0
  },
  "6": {
    "x": -2.1817963123321533,
    "y": 0.7319398522377014,
    "qz": 0.0,
    "qw": 1.0,
    "theta": 0.0
  }
}