{
    "0": {
        "x": 0.06272228388318594,
        "y": 0.05172790337358385,
        "qz": -0.0005281618555435396,
        "qw": 0.9999998605225174
    },
    "1": {
        "x": 3.5738818645477295,
        "y": 0.023592498153448105,
        "qz": 0,
        "qw": 1
    },
    "2": {
        "x": 4.50396203994751,
        "y": -1.172637701034546,
        "qz": 0,
        "qw": 1
    },
    "3": {
        "x": 2.5708696842193604,
        "y": -1.0248404741287231,
        "qz": 0,
        "qw": 1
    },
    "4": {
        "x": 0.8411383032798767,
        "y": -1.0884554386138916,
        "qz": 0,
        "qw": 1
    },
    "5": {
        "x": 1.2563347816467285,
        "y": 0.3699486255645752,
        "qz": 0,
        "qw": 1
    },
    "6": {
        "x": 2.32,
        "y": 0.4,
        "qz": 0,
        "qw": 1
    }
}